{
  "FilterHeaders": [
    {
      "Header": "user-agent",
      "IncludeInScript": false
    },
    {
      "Header": "upgrade-insecure-requests",
      "IncludeInScript": true
    },
    {
      "Header": "origin",
      "IncludeInScript": true
    },
    {
      "Header": "dnt",
      "IncludeInScript": true
    },
    {
      "Header": "accept-language",
      "IncludeInScript": false
    },
    {
      "Header": "accept-encoding",
      "IncludeInScript": false
    },
    {
      "Header": "accept",
      "IncludeInScript": false
    }
  ],
  "FilterResources": [
    {
      "IsNonResource": false,
      "type": "text/javascript"
    },
    {
      "IsNonResource": true,
      "type": "text/html"
    },
    {
      "IsNonResource": false,
      "type": "text/css"
    },
    {
      "IsNonResource": false,
      "type": "application/javascript"
    }
  ],
  "GeneralInfo": {
    "BrowserVersion": "",
    "IsWinInetMode": false,
    "MaxUsedConnections": 7,
    "RecordedBrowser": "Chrome",
    "RecordingDate": "Feb-11-2020",
    "RecordingDuration": 8266,
    "RecordingMode": "N/A",
    "RecordingTimeStamp": 1581413766,
    "RecordingType": "Proxy",
    "TotalBytesReceived": 2162614,
    "TotalBytesSent": 3070,
    "TotalRequests": 7,
    "UserAgent": "Mozilla/5.0 (Windows NT 10.0; Win64; x64) AppleWebKit/537.36 (KHTML, like Gecko) Chrome/70.0.3538.102 Safari/537.36 Edge/18.18363"
  },
  "HostInfo": [
    {
      "DomainName": "googleapis.com",
      "Domains": [
        {
          "HTTPVersion": "HTTP/1.1",
          "IP": "172.217.175.42",
          "IncludeInScript": true,
          "Name": "fonts.googleapis.com",
          "Port": 443,
          "Requests": [
            {
              "CompressionType": "gzip",
              "DataType": "text/css",
              "DownloadTime": 0,
              "EventId": 2165,
              "HttpStatus": 200,
              "Size": 411,
              "URL": "https://fonts.googleapis.com/css?family=Muli&display=swap"
            }
          ],
          "SSLCipher": "",
          "SSLVersion": "TLS1.2"
        }
      ],
      "IncludeInScript": true
    },
    {
      "DomainName": "fontawesome.com",
      "Domains": [
        {
          "HTTPVersion": "HTTP/1.1",
          "IP": "151.139.128.10",
          "IncludeInScript": true,
          "Name": "kit.fontawesome.com",
          "Port": 443,
          "Requests": [
            {
              "CompressionType": "gzip",
              "DataType": "text/javascript",
              "DownloadTime": 0,
              "EventId": 2160,
              "HttpStatus": 200,
              "Size": 2124,
              "URL": "https://kit.fontawesome.com/98753dd370.js"
            }
          ],
          "SSLCipher": "",
          "SSLVersion": "TLS1.2"
        }
      ],
      "IncludeInScript": true
    },
    {
      "DomainName": "amazonaws.com",
      "Domains": [
        {
          "HTTPVersion": "HTTP/1.1",
          "IP": "52.219.66.27",
          "IncludeInScript": true,
          "Name": "ilp-et.s3-website.ap-south-1.amazonaws.com",
          "Port": 80,
          "Requests": [
            {
              "CompressionType": "",
              "DataType": "text/css",
              "DownloadTime": 0,
              "EventId": 2155,
              "HttpStatus": 200,
              "Size": 35872,
              "URL": "http://ilp-et.s3-website.ap-south-1.amazonaws.com/static/css/2.e970bbb9.chunk.css"
            },
            {
              "CompressionType": "",
              "DataType": "application/javascript",
              "DownloadTime": 0,
              "EventId": 2151,
              "HttpStatus": 200,
              "Size": 1760912,
              "URL": "http://ilp-et.s3-website.ap-south-1.amazonaws.com/static/js/2.10613d27.chunk.js"
            },
            {
              "CompressionType": "",
              "DataType": "application/javascript",
              "DownloadTime": 0,
              "EventId": 2147,
              "HttpStatus": 200,
              "Size": 144489,
              "URL": "http://ilp-et.s3-website.ap-south-1.amazonaws.com/static/js/main.39647171.chunk.js"
            },
            {
              "CompressionType": "",
              "DataType": "text/css",
              "DownloadTime": 0,
              "EventId": 2143,
              "HttpStatus": 200,
              "Size": 216336,
              "URL": "http://ilp-et.s3-website.ap-south-1.amazonaws.com/static/css/main.194323ea.chunk.css"
            },
            {
              "CompressionType": "",
              "DataType": "text/html",
              "DownloadTime": 0,
              "EventId": 2139,
              "HttpStatus": 200,
              "Size": 2470,
              "URL": "http://ilp-et.s3-website.ap-south-1.amazonaws.com/"
            }
          ],
          "SSLCipher": "None",
          "SSLVersion": "None"
        }
      ],
      "IncludeInScript": true
    }
  ],
  "WebSocket": {
    "IncludeInScript": false,
    "IsScriptIncludeWebSocket": false
  },
  "NumberOfCorrelations": 0
}